[
  {
    "model": "authentication.customer",
    "pk": 1,
    "fields": {
      "password": "pbkdf2_sha256$720000$XMLpCpo2kFrLYTUG8tuIbP$HdukXNbEi+/HcWfgogJxLN89wUO5qhRlI9SDYXR2/6A=",
      "last_login": null,
      "is_superuser": true,
      "first_name": "",
      "last_name": "",
      "is_staff": true,
      "is_active": true,
      "date_joined": "2024-07-18T10:15:44.685Z",
      "email": "admin@admin.com",
      "phone_number": "234234234",
      "groups": [],
      "user_permissions": []
    }
  },
  {
    "model": "authentication.customer",
    "pk": 2,
    "fields": {
      "password": "pbkdf2_sha256$720000$ntL6IOPJARJWcaNpXqXC6S$s21gCMBK/p5hx0AkMhtzxJQntEtkvIwVmh6M3FPueGw=",
      "last_login": null,
      "is_superuser": true,
      "first_name": "",
      "last_name": "",
      "is_staff": true,
      "is_active": true,
      "date_joined": "2024-08-21T19:07:49.641Z",
      "email": "hhs-admin-frontend@mail.com",
      "phone_number": "123123123",
      "groups": [],
      "user_permissions": []
    }
  },
  {
    "model": "authentication.customer",
    "pk": 3,
    "fields": {
      "password": "pbkdf2_sha256$720000$c4W5TfPcpHdR2CN0XJd189$gYMPEUC6elIBep4eUvlfSoKbjfyl/cqx1f6C2z1F+zE=",
      "last_login": null,
      "is_superuser": true,
      "first_name": "",
      "last_name": "",
      "is_staff": true,
      "is_active": true,
      "date_joined": "2024-08-21T19:08:12.716Z",
      "email": "hhs-admin-backend@mail.com",
      "phone_number": "454545",
      "groups": [],
      "user_permissions": []
    }
  },
  {
    "model": "authentication.customer",
    "pk": 4,
    "fields": {
      "password": "pbkdf2_sha256$720000$I5T37cfUlc1tAbiDWos0d8$mPAwfdzM2owZWzvJTnmAhWfIeJeQrC3h545PvpiY8WA=",
      "last_login": null,
      "is_superuser": true,
      "first_name": "",
      "last_name": "",
      "is_staff": true,
      "is_active": true,
      "date_joined": "2024-08-21T19:08:28.579Z",
      "email": "hhs-admin-qa@mail.com",
      "phone_number": "565656",
      "groups": [],
      "user_permissions": []
    }
  },
  {
    "model": "shop.category",
    "pk": 1,
    "fields": {
      "name": "Electronics",
      "slug": "electronics",
      "description": "Lorem Ipsum is simply dummy text of the printing and typesetting industry. Lorem Ipsum has been the industry's standard dummy text ever since the 1500s, when an unknown printer took a galley of type and scrambled it to make a type specimen book. It has survived not only five centuries, but also the leap into electronic typesetting, remaining essentially unchanged. It was popularised in the 1960s with the release of Letraset sheets containing Lorem Ipsum passages, and more recently with desktop publishing software like Aldus PageMaker including versions of Lorem Ipsum.",
      "image": "uploads/category/ZANVnHE_ykehfz.jpeg"
    }
  },
  {
    "model": "shop.category",
    "pk": 2,
    "fields": {
      "name": "Books",
      "slug": "books",
      "description": "Lorem Ipsum is simply dummy text of the printing and typesetting industry. Lorem Ipsum has been the industry's standard dummy text ever since the 1500s, when an unknown printer took a galley of type and scrambled it to make a type specimen book. It has survived not only five centuries, but also the leap into electronic typesetting, remaining essentially unchanged. It was popularised in the 1960s with the release of Letraset sheets containing Lorem Ipsum passages, and more recently with desktop publishing software like Aldus PageMaker including versions of Lorem Ipsum.",
      "image": "uploads/category/34_admja8.jpg"
    }
  },
  {
    "model": "shop.category",
    "pk": 3,
    "fields": {
      "name": "Clothing",
      "slug": "clothing",
      "description": "Lorem Ipsum is simply dummy text of the printing and typesetting industry. Lorem Ipsum has been the industry's standard dummy text ever since the 1500s, when an unknown printer took a galley of type and scrambled it to make a type specimen book. It has survived not only five centuries, but also the leap into electronic typesetting, remaining essentially unchanged. It was popularised in the 1960s with the release of Letraset sheets containing Lorem Ipsum passages, and more recently with desktop publishing software like Aldus PageMaker including versions of Lorem Ipsum.",
      "image": "uploads/category/QkIa5tT_kcpjx3.jpeg"
    }
  },
  {
    "model": "shop.category",
    "pk": 4,
    "fields": {
      "name": "Home & Kitchen",
      "slug": "home-kitchen",
      "description": "Lorem Ipsum is simply dummy text of the printing and typesetting industry. Lorem Ipsum has been the industry's standard dummy text ever since the 1500s, when an unknown printer took a galley of type and scrambled it to make a type specimen book. It has survived not only five centuries, but also the leap into electronic typesetting, remaining essentially unchanged. It was popularised in the 1960s with the release of Letraset sheets containing Lorem Ipsum passages, and more recently with desktop publishing software like Aldus PageMaker including versions of Lorem Ipsum.",
      "image": "uploads/category/Qphac99_wdtlzh.jpeg"
    }
  },
  {
    "model": "shop.category",
    "pk": 5,
    "fields": {
      "name": "Toys & Games",
      "slug": "toys-games",
      "description": "Lorem Ipsum is simply dummy text of the printing and typesetting industry. Lorem Ipsum has been the industry's standard dummy text ever since the 1500s, when an unknown printer took a galley of type and scrambled it to make a type specimen book. It has survived not only five centuries, but also the leap into electronic typesetting, remaining essentially unchanged. It was popularised in the 1960s with the release of Letraset sheets containing Lorem Ipsum passages, and more recently with desktop publishing software like Aldus PageMaker including versions of Lorem Ipsum.",
      "image": "uploads/category/2_2_e8ag4f.png"
    }
  },
  {
    "model": "shop.category",
    "pk": 6,
    "fields": {
      "name": "Sports & Outdoors",
      "slug": "sports-outdoors",
      "description": "Lorem Ipsum is simply dummy text of the printing and typesetting industry. Lorem Ipsum has been the industry's standard dummy text ever since the 1500s, when an unknown printer took a galley of type and scrambled it to make a type specimen book. It has survived not only five centuries, but also the leap into electronic typesetting, remaining essentially unchanged. It was popularised in the 1960s with the release of Letraset sheets containing Lorem Ipsum passages, and more recently with desktop publishing software like Aldus PageMaker including versions of Lorem Ipsum.",
      "image": "uploads/category/1_qjisye.jpg"
    }
  },
  {
    "model": "shop.category",
    "pk": 7,
    "fields": {
      "name": "Beauty & Personal Care",
      "slug": "beauty-personal-care",
      "description": "Lorem Ipsum is simply dummy text of the printing and typesetting industry. Lorem Ipsum has been the industry's standard dummy text ever since the 1500s, when an unknown printer took a galley of type and scrambled it to make a type specimen book. It has survived not only five centuries, but also the leap into electronic typesetting, remaining essentially unchanged. It was popularised in the 1960s with the release of Letraset sheets containing Lorem Ipsum passages, and more recently with desktop publishing software like Aldus PageMaker including versions of Lorem Ipsum.",
      "image": "uploads/category/4_6_qpqcvx.png"
    }
  },
  {
    "model": "shop.product",
    "pk": 1,
    "fields": {
      "name": "Smartphone",
      "category": 1,
      "slug": "smartphone",
      "price": "699.00",
      "SKU": 123456,
      "description": "Latest model with advanced features",
      "views": 50
    }
  },
  {
    "model": "shop.product",
    "pk": 2,
    "fields": {
      "name": "Laptop",
      "category": 1,
      "slug": "laptop",
      "price": "999.00",
      "SKU": 123457,
      "description": "High-performance laptop for work and play",
      "views": 100
    }
  },
  {
    "model": "shop.product",
    "pk": 3,
    "fields": {
      "name": "Bluetooth Speaker",
      "category": 1,
      "slug": "bluetooth-speaker",
      "price": "49.00",
      "SKU": 123458,
      "description": "Portable speaker with excellent sound quality",
      "views": 75
    }
  },
  {
    "model": "shop.product",
    "pk": 4,
    "fields": {
      "name": "E-Reader",
      "category": 2,
      "slug": "e-reader",
      "price": "129.00",
      "SKU": 223456,
      "description": "E-Reader with high-resolution display",
      "views": 80
    }
  },
  {
    "model": "shop.product",
    "pk": 5,
    "fields": {
      "name": "Science Fiction Book",
      "category": 2,
      "slug": "science-fiction-book",
      "price": "20.00",
      "SKU": 223457,
      "description": "A captivating science fiction story",
      "views": 150
    }
  },
  {
    "model": "shop.product",
    "pk": 6,
    "fields": {
      "name": "Cookbook",
      "category": 2,
      "slug": "cookbook",
      "price": "25.00",
      "SKU": 223458,
      "description": "Delicious recipes for everyday meals",
      "views": 60
    }
  },
  {
    "model": "shop.product",
    "pk": 7,
    "fields": {
      "name": "T-Shirt",
      "category": 3,
      "slug": "t-shirt",
      "price": "15.00",
      "SKU": 323456,
      "description": "Comfortable cotton t-shirt",
      "views": 90
    }
  },
  {
    "model": "shop.product",
    "pk": 8,
    "fields": {
      "name": "Jeans",
      "category": 3,
      "slug": "jeans",
      "price": "40.00",
      "SKU": 323457,
      "description": "Stylish denim jeans",
      "views": 110
    }
  },
  {
    "model": "shop.product",
    "pk": 9,
    "fields": {
      "name": "Jacket",
      "category": 3,
      "slug": "jacket",
      "price": "60.00",
      "SKU": 323458,
      "description": "Warm winter jacket",
      "views": 70
    }
  },
  {
    "model": "shop.product",
    "pk": 10,
    "fields": {
      "name": "Blender",
      "category": 4,
      "slug": "blender",
      "price": "30.00",
      "SKU": 423456,
      "description": "High-speed blender for smoothies",
      "views": 50
    }
  },
  {
    "model": "shop.product",
    "pk": 11,
    "fields": {
      "name": "Coffee Maker",
      "category": 4,
      "slug": "coffee-maker",
      "price": "80.00",
      "SKU": 423457,
      "description": "Automatic coffee maker with timer",
      "views": 65
    }
  },
  {
    "model": "shop.product",
    "pk": 12,
    "fields": {
      "name": "Vacuum Cleaner",
      "category": 4,
      "slug": "vacuum-cleaner",
      "price": "150.00",
      "SKU": 423458,
      "description": "Powerful vacuum cleaner with multiple attachments",
      "views": 120
    }
  },
  {
    "model": "shop.product",
    "pk": 13,
    "fields": {
      "name": "Action Figure",
      "category": 5,
      "slug": "action-figure",
      "price": "25.00",
      "SKU": 523456,
      "description": "Collectible action figure",
      "views": 90
    }
  },
  {
    "model": "shop.product",
    "pk": 14,
    "fields": {
      "name": "Board Game",
      "category": 5,
      "slug": "board-game",
      "price": "40.00",
      "SKU": 523457,
      "description": "Fun board game for the whole family",
      "views": 150
    }
  },
  {
    "model": "shop.product",
    "pk": 15,
    "fields": {
      "name": "Puzzle",
      "category": 5,
      "slug": "puzzle",
      "price": "20.00",
      "SKU": 523458,
      "description": "Challenging jigsaw puzzle",
      "views": 70
    }
  },
  {
    "model": "shop.product",
    "pk": 16,
    "fields": {
      "name": "Tennis Racket",
      "category": 6,
      "slug": "tennis-racket",
      "price": "100.00",
      "SKU": 623456,
      "description": "Lightweight tennis racket",
      "views": 80
    }
  },
  {
    "model": "shop.product",
    "pk": 17,
    "fields": {
      "name": "Yoga Mat",
      "category": 6,
      "slug": "yoga-mat",
      "price": "30.00",
      "SKU": 623457,
      "description": "Non-slip yoga mat",
      "views": 95
    }
  },
  {
    "model": "shop.product",
    "pk": 18,
    "fields": {
      "name": "Running Shoes",
      "category": 6,
      "slug": "running-shoes",
      "price": "120.00",
      "SKU": 623458,
      "description": "Comfortable running shoes",
      "views": 110
    }
  },
  {
    "model": "shop.product",
    "pk": 19,
    "fields": {
      "name": "Shampoo",
      "category": 7,
      "slug": "shampoo",
      "price": "10.00",
      "SKU": 723456,
      "description": "Nourishing shampoo for all hair types",
      "views": 50
    }
  },
  {
    "model": "shop.product",
    "pk": 20,
    "fields": {
      "name": "Lipstick",
      "category": 7,
      "slug": "lipstick",
      "price": "20.00",
      "SKU": 723457,
      "description": "Long-lasting lipstick",
      "views": 75
    }
  },
  {
    "model": "shop.product",
    "pk": 21,
    "fields": {
      "name": "Face Cream",
      "category": 7,
      "slug": "face-cream",
      "price": "30.00",
      "SKU": 723458,
      "description": "Moisturizing face cream",
      "views": 60
    }
  },
  {
    "model": "shop.productimage",
    "pk": 1,
    "fields": {
      "image": "uploads/products/laptop-9ad88594-20dc-4d3a-8c4a-6d57e6bb5d21_j5hfi5.jpeg",
      "product": 1
    }
  },
  {
    "model": "shop.productimage",
    "pk": 2,
    "fields": {
      "image": "uploads/products/laptop-7e207fe4-0d94-4736-9e01-ff246726a671_pu0is0.jpeg",
      "product": 1
    }
  },
  {
    "model": "shop.productimage",
    "pk": 3,
    "fields": {
      "image": "uploads/products/laptop-1251477e-fb5a-45b8-acb7-f8e7b114522a_cdwlcu.jpeg",
      "product": 1
    }
  },
  {
    "model": "shop.productimage",
    "pk": 4,
    "fields": {
      "image": "uploads/products/laptop-9ad88594-20dc-4d3a-8c4a-6d57e6bb5d21_j5hfi5.jpeg",
      "product": 2
    }
  },
  {
    "model": "shop.productimage",
    "pk": 5,
    "fields": {
      "image": "uploads/products/laptop-7e207fe4-0d94-4736-9e01-ff246726a671_pu0is0.jpeg",
      "product": 2
    }
  },
  {
    "model": "shop.productimage",
    "pk": 6,
    "fields": {
      "image": "uploads/products/laptop-1251477e-fb5a-45b8-acb7-f8e7b114522a_cdwlcu.jpeg",
      "product": 2
    }
  },
  {
    "model": "shop.productimage",
    "pk": 7,
    "fields": {
      "image": "uploads/products/laptop-9ad88594-20dc-4d3a-8c4a-6d57e6bb5d21_j5hfi5.jpeg",
      "product": 3
    }
  },
  {
    "model": "shop.productimage",
    "pk": 8,
    "fields": {
      "image": "uploads/products/laptop-7e207fe4-0d94-4736-9e01-ff246726a671_pu0is0.jpeg",
      "product": 3
    }
  },
  {
    "model": "shop.productimage",
    "pk": 9,
    "fields": {
      "image": "uploads/products/laptop-1251477e-fb5a-45b8-acb7-f8e7b114522a_cdwlcu.jpeg",
      "product": 3
    }
  },
  {
    "model": "shop.productimage",
    "pk": 10,
    "fields": {
      "image": "uploads/products/laptop-9ad88594-20dc-4d3a-8c4a-6d57e6bb5d21_j5hfi5.jpeg",
      "product": 4
    }
  },
  {
    "model": "shop.productimage",
    "pk": 11,
    "fields": {
      "image": "uploads/products/laptop-7e207fe4-0d94-4736-9e01-ff246726a671_pu0is0.jpeg",
      "product": 4
    }
  },
  {
    "model": "shop.productimage",
    "pk": 12,
    "fields": {
      "image": "uploads/products/laptop-1251477e-fb5a-45b8-acb7-f8e7b114522a_cdwlcu.jpeg",
      "product": 4
    }
  },
  {
    "model": "shop.productimage",
    "pk": 13,
    "fields": {
      "image": "uploads/products/laptop-9ad88594-20dc-4d3a-8c4a-6d57e6bb5d21_j5hfi5.jpeg",
      "product": 5
    }
  },
  {
    "model": "shop.productimage",
    "pk": 14,
    "fields": {
      "image": "uploads/products/laptop-7e207fe4-0d94-4736-9e01-ff246726a671_pu0is0.jpeg",
      "product": 5
    }
  },
  {
    "model": "shop.productimage",
    "pk": 15,
    "fields": {
      "image": "uploads/products/laptop-1251477e-fb5a-45b8-acb7-f8e7b114522a_cdwlcu.jpeg",
      "product": 5
    }
  },
  {
    "model": "shop.productimage",
    "pk": 16,
    "fields": {
      "image": "uploads/products/laptop-9ad88594-20dc-4d3a-8c4a-6d57e6bb5d21_j5hfi5.jpeg",
      "product": 6
    }
  },
  {
    "model": "shop.productimage",
    "pk": 17,
    "fields": {
      "image": "uploads/products/laptop-7e207fe4-0d94-4736-9e01-ff246726a671_pu0is0.jpeg",
      "product": 6
    }
  },
  {
    "model": "shop.productimage",
    "pk": 18,
    "fields": {
      "image": "uploads/products/laptop-1251477e-fb5a-45b8-acb7-f8e7b114522a_cdwlcu.jpeg",
      "product": 6
    }
  },
  {
    "model": "shop.productimage",
    "pk": 19,
    "fields": {
      "image": "uploads/products/laptop-9ad88594-20dc-4d3a-8c4a-6d57e6bb5d21_j5hfi5.jpeg",
      "product": 7
    }
  },
  {
    "model": "shop.productimage",
    "pk": 20,
    "fields": {
      "image": "uploads/products/laptop-7e207fe4-0d94-4736-9e01-ff246726a671_pu0is0.jpeg",
      "product": 7
    }
  },
  {
    "model": "shop.productimage",
    "pk": 21,
    "fields": {
      "image": "uploads/products/laptop-1251477e-fb5a-45b8-acb7-f8e7b114522a_cdwlcu.jpeg",
      "product": 7
    }
  },
  {
    "model": "shop.productimage",
    "pk": 22,
    "fields": {
      "image": "uploads/products/laptop-9ad88594-20dc-4d3a-8c4a-6d57e6bb5d21_j5hfi5.jpeg",
      "product": 8
    }
  },
  {
    "model": "shop.productimage",
    "pk": 23,
    "fields": {
      "image": "uploads/products/laptop-7e207fe4-0d94-4736-9e01-ff246726a671_pu0is0.jpeg",
      "product": 8
    }
  },
  {
    "model": "shop.productimage",
    "pk": 24,
    "fields": {
      "image": "uploads/products/laptop-1251477e-fb5a-45b8-acb7-f8e7b114522a_cdwlcu.jpeg",
      "product": 8
    }
  },
  {
    "model": "shop.productimage",
    "pk": 25,
    "fields": {
      "image": "uploads/products/laptop-9ad88594-20dc-4d3a-8c4a-6d57e6bb5d21_j5hfi5.jpeg",
      "product": 9
    }
  },
  {
    "model": "shop.productimage",
    "pk": 26,
    "fields": {
      "image": "uploads/products/laptop-7e207fe4-0d94-4736-9e01-ff246726a671_pu0is0.jpeg",
      "product": 9
    }
  },
  {
    "model": "shop.productimage",
    "pk": 27,
    "fields": {
      "image": "uploads/products/laptop-1251477e-fb5a-45b8-acb7-f8e7b114522a_cdwlcu.jpeg",
      "product": 9
    }
  },
  {
    "model": "shop.productimage",
    "pk": 28,
    "fields": {
      "image": "uploads/products/laptop-9ad88594-20dc-4d3a-8c4a-6d57e6bb5d21_j5hfi5.jpeg",
      "product": 10
    }
  },
  {
    "model": "shop.productimage",
    "pk": 29,
    "fields": {
      "image": "uploads/products/laptop-7e207fe4-0d94-4736-9e01-ff246726a671_pu0is0.jpeg",
      "product": 10
    }
  },
  {
    "model": "shop.productimage",
    "pk": 30,
    "fields": {
      "image": "uploads/products/laptop-1251477e-fb5a-45b8-acb7-f8e7b114522a_cdwlcu.jpeg",
      "product": 10
    }
  },
  {
    "model": "shop.productimage",
    "pk": 31,
    "fields": {
      "image": "uploads/products/laptop-9ad88594-20dc-4d3a-8c4a-6d57e6bb5d21_j5hfi5.jpeg",
      "product": 11
    }
  },
  {
    "model": "shop.productimage",
    "pk": 32,
    "fields": {
      "image": "uploads/products/laptop-7e207fe4-0d94-4736-9e01-ff246726a671_pu0is0.jpeg",
      "product": 11
    }
  },
  {
    "model": "shop.productimage",
    "pk": 33,
    "fields": {
      "image": "uploads/products/laptop-1251477e-fb5a-45b8-acb7-f8e7b114522a_cdwlcu.jpeg",
      "product": 11
    }
  },
  {
    "model": "shop.productimage",
    "pk": 34,
    "fields": {
      "image": "uploads/products/laptop-9ad88594-20dc-4d3a-8c4a-6d57e6bb5d21_j5hfi5.jpeg",
      "product": 12
    }
  },
  {
    "model": "shop.productimage",
    "pk": 35,
    "fields": {
      "image": "uploads/products/laptop-7e207fe4-0d94-4736-9e01-ff246726a671_pu0is0.jpeg",
      "product": 12
    }
  },
  {
    "model": "shop.productimage",
    "pk": 36,
    "fields": {
      "image": "uploads/products/laptop-1251477e-fb5a-45b8-acb7-f8e7b114522a_cdwlcu.jpeg",
      "product": 12
    }
  },
  {
    "model": "shop.productimage",
    "pk": 37,
    "fields": {
      "image": "uploads/products/laptop-9ad88594-20dc-4d3a-8c4a-6d57e6bb5d21_j5hfi5.jpeg",
      "product": 13
    }
  },
  {
    "model": "shop.productimage",
    "pk": 38,
    "fields": {
      "image": "uploads/products/laptop-7e207fe4-0d94-4736-9e01-ff246726a671_pu0is0.jpeg",
      "product": 13
    }
  },
  {
    "model": "shop.productimage",
    "pk": 39,
    "fields": {
      "image": "uploads/products/laptop-1251477e-fb5a-45b8-acb7-f8e7b114522a_cdwlcu.jpeg",
      "product": 13
    }
  },
  {
    "model": "shop.productimage",
    "pk": 40,
    "fields": {
      "image": "uploads/products/laptop-9ad88594-20dc-4d3a-8c4a-6d57e6bb5d21_j5hfi5.jpeg",
      "product": 14
    }
  },
  {
    "model": "shop.productimage",
    "pk": 41,
    "fields": {
      "image": "uploads/products/laptop-7e207fe4-0d94-4736-9e01-ff246726a671_pu0is0.jpeg",
      "product": 14
    }
  },
  {
    "model": "shop.productimage",
    "pk": 42,
    "fields": {
      "image": "uploads/products/laptop-1251477e-fb5a-45b8-acb7-f8e7b114522a_cdwlcu.jpeg",
      "product": 14
    }
  },
  {
    "model": "shop.productimage",
    "pk": 43,
    "fields": {
      "image": "uploads/products/laptop-9ad88594-20dc-4d3a-8c4a-6d57e6bb5d21_j5hfi5.jpeg",
      "product": 15
    }
  },
  {
    "model": "shop.productimage",
    "pk": 44,
    "fields": {
      "image": "uploads/products/laptop-7e207fe4-0d94-4736-9e01-ff246726a671_pu0is0.jpeg",
      "product": 15
    }
  },
  {
    "model": "shop.productimage",
    "pk": 45,
    "fields": {
      "image": "uploads/products/laptop-1251477e-fb5a-45b8-acb7-f8e7b114522a_cdwlcu.jpeg",
      "product": 15
    }
  },
  {
    "model": "shop.productimage",
    "pk": 46,
    "fields": {
      "image": "uploads/products/laptop-9ad88594-20dc-4d3a-8c4a-6d57e6bb5d21_j5hfi5.jpeg",
      "product": 16
    }
  },
  {
    "model": "shop.productimage",
    "pk": 47,
    "fields": {
      "image": "uploads/products/laptop-7e207fe4-0d94-4736-9e01-ff246726a671_pu0is0.jpeg",
      "product": 16
    }
  },
  {
    "model": "shop.productimage",
    "pk": 48,
    "fields": {
      "image": "uploads/products/laptop-1251477e-fb5a-45b8-acb7-f8e7b114522a_cdwlcu.jpeg",
      "product": 16
    }
  },
  {
    "model": "shop.productimage",
    "pk": 49,
    "fields": {
      "image": "uploads/products/laptop-9ad88594-20dc-4d3a-8c4a-6d57e6bb5d21_j5hfi5.jpeg",
      "product": 17
    }
  },
  {
    "model": "shop.productimage",
    "pk": 50,
    "fields": {
      "image": "uploads/products/laptop-7e207fe4-0d94-4736-9e01-ff246726a671_pu0is0.jpeg",
      "product": 17
    }
  },
  {
    "model": "shop.productimage",
    "pk": 51,
    "fields": {
      "image": "uploads/products/laptop-1251477e-fb5a-45b8-acb7-f8e7b114522a_cdwlcu.jpeg",
      "product": 17
    }
  },
  {
    "model": "shop.productimage",
    "pk": 52,
    "fields": {
      "image": "uploads/products/laptop-9ad88594-20dc-4d3a-8c4a-6d57e6bb5d21_j5hfi5.jpeg",
      "product": 18
    }
  },
  {
    "model": "shop.productimage",
    "pk": 53,
    "fields": {
      "image": "uploads/products/laptop-7e207fe4-0d94-4736-9e01-ff246726a671_pu0is0.jpeg",
      "product": 18
    }
  },
  {
    "model": "shop.productimage",
    "pk": 54,
    "fields": {
      "image": "uploads/products/laptop-1251477e-fb5a-45b8-acb7-f8e7b114522a_cdwlcu.jpeg",
      "product": 18
    }
  },
  {
    "model": "shop.productimage",
    "pk": 55,
    "fields": {
      "image": "uploads/products/laptop-9ad88594-20dc-4d3a-8c4a-6d57e6bb5d21_j5hfi5.jpeg",
      "product": 19
    }
  },
  {
    "model": "shop.productimage",
    "pk": 56,
    "fields": {
      "image": "uploads/products/laptop-7e207fe4-0d94-4736-9e01-ff246726a671_pu0is0.jpeg",
      "product": 19
    }
  },
  {
    "model": "shop.productimage",
    "pk": 57,
    "fields": {
      "image": "uploads/products/laptop-1251477e-fb5a-45b8-acb7-f8e7b114522a_cdwlcu.jpeg",
      "product": 19
    }
  },
  {
    "model": "shop.productimage",
    "pk": 58,
    "fields": {
      "image": "uploads/products/laptop-9ad88594-20dc-4d3a-8c4a-6d57e6bb5d21_j5hfi5.jpeg",
      "product": 20
    }
  },
  {
    "model": "shop.productimage",
    "pk": 59,
    "fields": {
      "image": "uploads/products/laptop-7e207fe4-0d94-4736-9e01-ff246726a671_pu0is0.jpeg",
      "product": 20
    }
  },
  {
    "model": "shop.productimage",
    "pk": 60,
    "fields": {
      "image": "uploads/products/laptop-1251477e-fb5a-45b8-acb7-f8e7b114522a_cdwlcu.jpeg",
      "product": 20
    }
  },
  {
    "model": "shop.productattributes",
    "pk": 1,
    "fields": {
      "brand": "BrandX",
      "material": "Aluminum",
      "style": "Modern",
      "size": 5,
      "product": 1
    }
  },
  {
    "model": "shop.productattributes",
    "pk": 2,
    "fields": {
      "brand": "BrandY",
      "material": "Plastic",
      "style": "Sleek",
      "size": 15,
      "product": 2
    }
  },
  {
    "model": "shop.productattributes",
    "pk": 3,
    "fields": {
      "brand": "BrandZ",
      "material": "Metal",
      "style": "Portable",
      "size": 3,
      "product": 3
    }
  },
  {
    "model": "shop.productattributes",
    "pk": 4,
    "fields": {
      "brand": "BrandA",
      "material": "Plastic",
      "style": "Compact",
      "size": 8,
      "product": 4
    }
  },
  {
    "model": "shop.productattributes",
    "pk": 5,
    "fields": {
      "brand": "AuthorY",
      "material": "Paper",
      "style": "Paperback",
      "size": 1,
      "product": 5
    }
  },
  {
    "model": "shop.productattributes",
    "pk": 6,
    "fields": {
      "brand": "BrandB",
      "material": "Paper",
      "style": "Hardcover",
      "size": 2,
      "product": 6
    }
  },
  {
    "model": "shop.productattributes",
    "pk": 7,
    "fields": {
      "brand": "BrandC",
      "material": "Cotton",
      "style": "Casual",
      "size": 1,
      "product": 7
    }
  },
  {
    "model": "shop.productattributes",
    "pk": 8,
    "fields": {
      "brand": "BrandD",
      "material": "Denim",
      "style": "Classic",
      "size": 3,
      "product": 8
    }
  },
  {
    "model": "shop.productattributes",
    "pk": 9,
    "fields": {
      "brand": "BrandE",
      "material": "Polyester",
      "style": "Outdoor",
      "size": 4,
      "product": 9
    }
  },
  {
    "model": "shop.productattributes",
    "pk": 10,
    "fields": {
      "brand": "BrandF",
      "material": "Plastic",
      "style": "Compact",
      "size": 5,
      "product": 10
    }
  },
  {
    "model": "shop.productattributes",
    "pk": 11,
    "fields": {
      "brand": "BrandG",
      "material": "Metal",
      "style": "Modern",
      "size": 6,
      "product": 11
    }
  },
  {
    "model": "shop.productattributes",
    "pk": 12,
    "fields": {
      "brand": "BrandH",
      "material": "Plastic",
      "style": "Ergonomic",
      "size": 8,
      "product": 12
    }
  },
  {
    "model": "shop.productattributes",
    "pk": 13,
    "fields": {
      "brand": "BrandI",
      "material": "Plastic",
      "style": "Collectible",
      "size": 2,
      "product": 13
    }
  },
  {
    "model": "shop.productattributes",
    "pk": 14,
    "fields": {
      "brand": "BrandJ",
      "material": "Cardboard",
      "style": "Family",
      "size": 4,
      "product": 14
    }
  },
  {
    "model": "shop.productattributes",
    "pk": 15,
    "fields": {
      "brand": "BrandK",
      "material": "Wood",
      "style": "Challenging",
      "size": 3,
      "product": 15
    }
  },
  {
    "model": "shop.productattributes",
    "pk": 16,
    "fields": {
      "brand": "BrandL",
      "material": "Graphite",
      "style": "Sporty",
      "size": 27,
      "product": 16
    }
  },
  {
    "model": "shop.productattributes",
    "pk": 17,
    "fields": {
      "brand": "BrandM",
      "material": "Rubber",
      "style": "Non-slip",
      "size": 6,
      "product": 17
    }
  },
  {
    "model": "shop.productattributes",
    "pk": 18,
    "fields": {
      "brand": "BrandN",
      "material": "Mesh",
      "style": "Comfort",
      "size": 10,
      "product": 18
    }
  },
  {
    "model": "shop.productattributes",
    "pk": 19,
    "fields": {
      "brand": "BrandO",
      "material": "Liquid",
      "style": "Nourishing",
      "size": 500,
      "product": 19
    }
  },
  {
    "model": "shop.productattributes",
    "pk": 20,
    "fields": {
      "brand": "BrandP",
      "material": "Cream",
      "style": "Glossy",
      "size": 1,
      "product": 20
    }
  },
  {
    "model": "shop.productattributes",
    "pk": 21,
    "fields": {
      "brand": "BrandQ",
      "material": "Cream",
      "style": "Moisturizing",
      "size": 50,
      "product": 21
    }
  }
]